-- Inserção de dados nas Turmas
INSERT INTO Turmas (turma_id, descricao) VALUES (1, 'Matemática 101');
INSERT INTO Turmas (turma_id, descricao) VALUES (2, 'História 101');
INSERT INTO Turmas (turma_id, descricao) VALUES (3, 'Ciências 101');

-- Inserção de dados nos Professores
INSERT INTO Professores (professor_id, nome) VALUES (1, 'Carlos Silva');
INSERT INTO Professores (professor_id, nome) VALUES (2, 'Maria Fernandes');
INSERT INTO Professores (professor_id, nome) VALUES (3, 'João Pereira');

-- Inserção de dados na tabela Turma_Professor
INSERT INTO Turma_Professor (turma_id, professor_id) VALUES (1, 1);
INSERT INTO Turma_Professor (turma_id, professor_id) VALUES (2, 2);
INSERT INTO Turma_Professor (turma_id, professor_id) VALUES (3, 3);

-- Inserção de dados nos Alunos
INSERT INTO Alunos (aluno_id, nome, idade, turma_id) VALUES (1, 'Ana Santos', 15, 1);
INSERT INTO Alunos (aluno_id, nome, idade, turma_id) VALUES (2, 'Pedro Gonçalves', 16, 1);
INSERT INTO Alunos (aluno_id, nome, idade, turma_id) VALUES (3, 'Lucas Andrade', 15, 2);
INSERT INTO Alunos (aluno_id, nome, idade, turma_id) VALUES (4, 'Mariana Costa', 16, 3);

-- Inserção de dados nas Atividades
INSERT INTO Atividades (atividade_id, descricao, turma_id) VALUES (1, 'Prova de Matemática', 1);
INSERT INTO Atividades (atividade_id, descricao, turma_id) VALUES (2, 'Trabalho de História', 2);
INSERT INTO Atividades (atividade_id, descricao, turma_id) VALUES (3, 'Experimento de Ciências', 3);

-- Inserção de dados nas Notas
INSERT INTO Notas (aluno_id, atividade_id, nota) VALUES (1, 1, 9.5);
INSERT INTO Notas (aluno_id, atividade_id, nota) VALUES (2, 1, 8.0);
INSERT INTO Notas (aluno_id, atividade_id, nota) VALUES (3, 2, 7.5);
